description,rating,review_count
"Inspiron 15 3525 Laptop, 15.6"" FHD Display, 16GB RAM,512GB SSD, AMD Ryzen 5 5500U Processor, AMD Radeon Graphics, SD Card Reader, WiFi, Bluetooth, Webcam, Windows 11 Home, Alpacatec Accessories",5.0 out of 5 stars,
"Inspiron 15 3520 15.6"" FHD Laptop, 16GB RAM,1TB SSD, Intel Core i3-1215U Processor(Beat i5-1135G7), SD Card Reader, WiFi, Bluetooth, Webcam, Win 11 Home, Alpacatec Accessories, Carbon Black",4.1 out of 5 stars,
"Inspiron 15 3000 3520 Business Laptop Computer[Windows 11 Pro], 15.6'' FHD Touchscreen, 11th Gen Intel Quad-Core i5-1135G7, 16GB RAM, 1TB PCIe SSD, Numeric Keypad, Wi-Fi, Webcam, HDMI, Black",4.0 out of 5 stars,
"Inspiron 15 3511 15.6 Inch Laptop, Full HD LED Non-Touch WVA Display - Intel Core i3-1115G4, 8GB DDR4 RAM, 256GB SSD, UHD Graphics, Windows 11 Home - Carbon Black",4.1 out of 5 stars,
"Inspiron Touchscreen Laptop, 15.6"" Business & Student Laptop Computer, Windows 11 Pro Laptop 16GB RAM 1TB SSD, Intel i5-1155G7 Processor, Full HD IPS Display, Numeric Keypad, HDMI, Carbon Black",4.7 out of 5 stars,
"2023 Newest Inspiron 15 3525 Laptop, 15.6"" FHD Display, AMD Ryzen 5 5500U Processor up to 4GHz, 16GB RAM, 512GB SSD, AMD Radeon Graphics, Wi-Fi, Bluetooth, Windows 11 Home",4.2 out of 5 stars,
"Latitude 3420 14 3000 14"" FHD Business Laptop Computer, Intel i5-1135G7 up to 4.2GHz (Beat i7-1065G7), 16GB DDR4 RAM, 1TB PCIe SSD, WiFi, Bluetooth, Type-C, Backlit Keyboard, Windows 11 Pro",5.0 out of 5 stars,
"Newest Inspiron 15 3511 Laptop, 15.6"" FHD Touchscreen, Intel Core i5-1035G1, 12GB RAM, 256GB PCIe NVMe M.2 SSD, SD Card Reader, Webcam, HDMI, WiFi, Windows 11 Home, Black",4.2 out of 5 stars,
"Newest 13th Generation Business Inspiron 15 3530 Laptop, 15.6"" FHD Touchscreen, Intel Core i7-1355U, 32GB RAM, 1TB SSD, Webcam, HDMI, Wi-Fi 6, Windows 11 Pro, Black",3.8 out of 5 stars,
"Inspiron 3511 Laptop, 15.6"" Full HD Touchscreen, Intel Core i5-1135G7 (Beats Intel i7-1065G7), 32GB DDR4 RAM, 1TB PCIe SSD, SD Card Reader, HDMI, Wi-Fi, Windows 11 Home, Black",4.0 out of 5 stars,
"Dell Latitude 7490 14 HD Anti-Glare, Intel Core i5-8350U, 16GB DDR4, 256GB Solid State Drive, Webcam, Bluetooth, Windows 10Pro (Renewed)",4.1 out of 5 stars,
"Inspiron Touchscreen Laptop, 15.6"" Business & Student Laptop Computer, Windows 11 Pro Laptop 16GB RAM 1TB SSD, Intel i5-1155G7 Processor, Full HD IPS Display, Numeric Keypad, HDMI, Carbon Black",4.7 out of 5 stars,
"Touchscreen 15.6"" Inspiron Business Laptop Computer, Windows 11 Pro Laptop 32GB RAM 1TB SSD, Intel Core i5 Quad-Core Processor, Full HD IPS Display, Media Card Reader, Black",3.8 out of 5 stars,
"Inspiron 15 3520 15.6"" FHD Laptop, 16GB RAM,1TB SSD, Intel Core i3-1215U Processor(Beat i5-1135G7), SD Card Reader, WiFi, Bluetooth, Webcam, Win 11 Home, Alpacatec Accessories, Carbon Black",4.1 out of 5 stars,
"2023 Newest Inspiron 15 3520 Laptop, 15.6"" FHD Display, Intel Core i5-1135G7 up to 4.2GHz, 8GB RAM, 256GB SSD, Intel UHD Graphics, Wi-Fi, Bluetooth, Windows 11 Home",4.3 out of 5 stars,
"Inspiron 15 3000 3520 15.6"" FHD Touchscreen (Intel 4-Core i5-1135G7, 16GB RAM, 512GB PCIe SSD, UHD Graphics) Business Laptop, WVA Anti-Glare, Numeric Keypad, Webcam, Wi-Fi, Win 11 Pro, Black",4.1 out of 5 stars,
"Touchscreen Notebook Laptop, 15.6"" HD, All-Metal Body N5095 Quad-core 2.9 GHz Processor, 16GB DDR4 256GB SSD，Fingerprint and Backlit Keyboard,FHD 1920 * 1080 IPS,WiFi,Windows 11 Home",4.0 out of 5 stars,
"Latitude 3540 15.6"" FHD Business Laptop Computer, Intel 10-Core i5-1235U (Beat i7-1195G7), 32GB DDR4 RAM, 1TB PCIe SSD, WiFi 6E, Bluetooth, Black, Windows 11 Pro",4.4 out of 5 stars,
"Inspiron 3520 15.6"" FHD Laptop, Intel Core i7-1255U Processor, 32GB RAM, 1TB SSD, Webcam, HDMI, SD-Card Slot, Wi-Fi 6, Windows 11 Home, Black",3.7 out of 5 stars,
"Vostro 14 3400 Business Laptop Computer, 14"" FHD Anti-Glare, Intel Core i3-1115G4 up to 3.2GHz (Beat i5-10210U), 8GB DDR4 RAM, 256GB PCIe SSD + 1TB HDD, 802.11AC WiFi, Bluetooth, Windows 11 Pro",4.8 out of 5 stars,
"OEM Dell Latitude 3540 Notebook 15.6” FHD, Intel 10 Core i5-1335U (Beats i7-1270P), 16GB RAM, 512GB NVMe, WiFi 6, BT, Backlit KB, HD Webcam, RJ-45, W11P, Business Laptop",4.7 out of 5 stars,
"Latitude 3540 15.6"" Touchscreen FHD Business Laptop Computer, 13th Gen Intel 10-Core i7-1355U up to 5.0GHz, 32GB DDR4 RAM, 1TB PCIe SSD, WiFi 6E, Bluetooth, Type-C, FHD Webcan, Windows 11 Pro",4.6 out of 5 stars,
"Latitude 3540 15.6"" FHD Business Laptop Computer, Intel 10-Core i5-1235U (Beat i7-1195G7), 16GB DDR4 RAM, 512GB PCIe SSD, WiFi 6E, Bluetooth, Black, Windows 11 Pro",4.4 out of 5 stars,
"Latitude 3540 15.6"" Touchscreen FHD Business Laptop Computer, 13th Gen Intel 10-Core i5-1335U (Beat i7-1270P), 16GB DDR4 RAM, 512GB PCIe SSD, WiFi 6E, Bluetooth, Black, Windows 11 Pro",5.0 out of 5 stars,
"2023 Newest Inspiron 15 3520 Business Laptop, 15.6"" FHD Display, 12th Gen Intel Core i3-1215U (6 cores), 8GB RAM, 512GB SSD, Intel UHD Graphics, Wi-Fi 6, Bluetooth, Anti-Glare, Windows 11 Home",4.1 out of 5 stars,
"Newest Vostro 3520 Business Laptop, 15.6"" HD Display, Intel Core i5-1135G7 Processor, 16GB DDR4 RAM, 512GB PCIe SSD, Webcam, HDMI, Wi-Fi, Windows 11 Pro, Black",4.3 out of 5 stars,
"Inspiron 15 Laptop, 15.6"" Full HD Touchscreen Business & Student Laptop computer, AMD Ryzen 5 7530U 6-Core Processor, 32GB RAM 1TB SSD, Windows 11 Laptop with 1 Year Microsoft 365, Carbon Black",4.1 out of 5 stars,
"Inspiron 5635 Laptop - 16.0-inch 16:10 FHD+ (1920 x 1200) Display, AMD Ryzen 5-7530U, 8GB LPDDR4x RAM, 512GB SSD, AMD Radeon Graphics, Onsite Migrate, Windows 11 Home - Platinum Silver",4.4 out of 5 stars,
"Newest 13th Generation Business Inspiron 15 3530 Laptop, 15.6"" FHD Touchscreen, Intel Core i7-1355U, 64GB RAM, 2TB SSD, Webcam, HDMI, Wi-Fi 6, Windows 11 Pro, Black",4.0 out of 5 stars,
"2023 Newest Inspiron Laptop, 15.6"" FHD IPS Touchscreen, Intel Core i5-1155G7(Beats i7-1065G7) Processor (Quad-core), 16GB RAM, 512GB SSD, Wi-Fi, Bluetooth, Windows 11 Home, Carbon Black",3.9 out of 5 stars,
"Latitude 5550 15 15.6"" FHD Business AI Laptop Computer, Intel Ultra 5 125U (Beat i7-1355U), 32GB DDR5 RAM, 1TB SSD, WiFi 6, Bluetooth 5.3, Backlit Keyboard, Fingerprint Reader, Windows 11 Pro",4.8 out of 5 stars,
"Inspiron Touchscreen Laptop (15.6"" FHD Touch, Intel Core i5-1155G7, 16GB RAM, 512GB SSD) for Business, Students, Enterprises, Numeric Keypad, Narrow-Bezel, Webcam, Win 11 Pro, Carbon Black",4.6 out of 5 stars,
"Latitude 3420 14 3000 14"" FHD Business Laptop Computer, Intel i5-1135G7 up to 4.2GHz (Beat i7-1065G7), 16GB DDR4 RAM, 256GB PCIe SSD, WiFi, Bluetooth, Type-C, Backlit Keyboard, Windows 11 Pro",5.0 out of 5 stars,
"Inspiron 15.6"" Touchscreen Laptop Computer, Windows 11 Pro Laptop 16GB RAM 1TB SSD, Intel Core i5-1155G7 Processor, FHD 1920 x 1080 LED Display, Microsoft Office Lifetime License, Carbon Black",,
"Vostro 3000 Series 3520 15.6"" FHD Business Laptop Computer, 12th Gen Intel 10-Cores i7-1255U, 32GB DDR4 RAM, 1TB PCIe SSD, 802.11ac WiFi, Bluetooth, Webcan, Carbon Black, Windows 11 Pro",4.4 out of 5 stars,
"Latitude 5540 15.6"" Notebook - Full HD - 1920 x 1080 - Intel Core i5 13th Gen i5-1335U Deca-core (10 Core) - 16 GB Total RAM - 512 GB SSD - Titan Gray",,
"Inspiron Touch Screen Laptop, 15.6"" Full HD Touchscreen Business and Student Laptop Computer, Windows 11 Pro Laptop 16GB RAM 1TB SSD, Intel i5-1155G7 Processor, Numeric Keypad, Webcam, Black",,
"Inspiron 15 3530 Laptop - 15.6-inch FHD (1920 x 1080) 120Hz Display, Core i5-1335U, 16GB DDR4 RAM, 512GB SSD, Intel Iris Xe Graphics, Windows 11 Home, Premium Support Migrate - Silver",4.1 out of 5 stars,
"Inspiron 15 3000 Series 3511 Laptop, 15.6"" FHD Touchscreen, Intel Core i5-1035G1, 32GB DDR4 RAM, 1TB PCIe SSD, SD Card Reader, Webcam, HDMI, Wi-Fi, Windows 11 Home, Black",4.1 out of 5 stars,
"Latitude 3420 14 3000 14"" FHD Business Laptop Computer, Intel i5-1135G7 up to 4.2GHz (Beat i7-1065G7), 32GB DDR4 RAM, 1TB PCIe SSD, WiFi, Bluetooth, Type-C, Backlit Keyboard, Windows 11 Pro",5.0 out of 5 stars,
"Latitude 5330 Business Laptop (13.3"" FHD, Intel 10-Core i7-1265U Vpro, 16GB RAM, 512GB SSD, IST Card) 2 x Thunderbolt 4, Backlit, Fingerprint, Webcam, NFC, 2024 Latitude 5000, Win 11 Pro, Gray",4.4 out of 5 stars,
"Dell Latitude 5540 Notebook 15.6"" FHD Intel 10 Core i7-1355U, 32GB RAM, 1TB NVMe, Wi-Fi 6 + BT, FP, Backlit KB, HD Webcam, RJ-45, W11P, Business Laptop",4.5 out of 5 stars,
"Touchscreen 15.6"" Inspiron Business Laptop Computer, Windows 11 Pro Laptop 32GB RAM 1TB SSD, Intel Core i5 Quad-Core Processor, Full HD IPS Display, Media Card Reader, Black",3.8 out of 5 stars,
"15.6 inch Laptop Computer,Celeron Quad-Core Up to 2.2 GHz,4GB RAM and 192GB SSD,Win11 Laptop Computers with HD IPS,Slim and Lightweight Notebook,Work and Students laptops,Gray,WPS",4.1 out of 5 stars,
