description,rating,review_count,url
"17 Laptop, 17.3"" HD+ Touchscreen Display, 16GB RAM, 1TB SSD, Intel Pentium Silver N5030 Processor, Webcam, Numeric Keypad, Long Battery Life, Windows 11 Home, XOZON Accessories, Silver",4.3 out of 5 stars,,https://www.amazon.com/sspa/click?ie=UTF8&spc=MTo1NTY5NzM4ODIxNTAxMDIwOjE3MjMyMDA1ODg6c3BfYXRmOjMwMDE0ODgyMDk3NjcwMjo6MDo6&url=%2FHP-Touchscreen-Display-Processor-Accessories%2Fdp%2FB0CWPF44JX%2Fref%3Dsr_1_1_sspa%3Fdib%3DeyJ2IjoiMSJ9.hNlIHfL1We1PWfiBMiURt3GeXg4zVjjZblJYBmmmliKBNVGjgHLfpYcRrA1WahvGsusZ3x5uxZps0gtWlzariUw2-MQO0tT62yFJD76v_WpmlXms8tUqrb7mggvLU4eqU87Z4YcPyDlfdz1NocLp-LCN4YSpypWFXl2sOAIqHd0unU7v9P2aGm94mZuXEwbQqMVWyPpzwDvgnAnXxBvQ9YyZrnmslCbPg9q_IkNBN5k.r-8ZIJYQoekbGzNSE7miMD4m3_64DJBT9PITNtRr7XU%26dib_tag%3Dse%26keywords%3Dhp%2Blaptop%26qid%3D1723200588%26sr%3D8-1-spons%26sp_csd%3Dd2lkZ2V0TmFtZT1zcF9hdGY%26psc%3D1
"2023 17t Business Professional Rose Gold Laptop, 17.3"" HD+ Touchscreen, Intel Core i5-1335U, 32GB RAM, 1TB SSD, Webcam, FP Reader, Backlit KB, HDMI, Wi-Fi 6, Windows 11 Pro",4.8 out of 5 stars,,https://www.amazon.com/sspa/click?ie=UTF8&spc=MTo1NTY5NzM4ODIxNTAxMDIwOjE3MjMyMDA1ODg6c3BfYXRmOjMwMDI4ODUyMjc1ODEwMjo6MDo6&url=%2FHP-Business-Professional-Touchscreen-i5-1335U%2Fdp%2FB0CS1PKH5N%2Fref%3Dsr_1_2_sspa%3Fdib%3DeyJ2IjoiMSJ9.hNlIHfL1We1PWfiBMiURt3GeXg4zVjjZblJYBmmmliKBNVGjgHLfpYcRrA1WahvGsusZ3x5uxZps0gtWlzariUw2-MQO0tT62yFJD76v_WpmlXms8tUqrb7mggvLU4eqU87Z4YcPyDlfdz1NocLp-LCN4YSpypWFXl2sOAIqHd0unU7v9P2aGm94mZuXEwbQqMVWyPpzwDvgnAnXxBvQ9YyZrnmslCbPg9q_IkNBN5k.r-8ZIJYQoekbGzNSE7miMD4m3_64DJBT9PITNtRr7XU%26dib_tag%3Dse%26keywords%3Dhp%2Blaptop%26qid%3D1723200588%26sr%3D8-2-spons%26sp_csd%3Dd2lkZ2V0TmFtZT1zcF9hdGY%26psc%3D1
"17 Business Laptop, 17.3” HD+ Display, 11th Gen Intel Core i3-1125G4 Processor, 32GB RAM, 1TB SSD, Wi-Fi, HDMI, Webcam, Windows 11 Pro, Silver",4.3 out of 5 stars,,https://www.amazon.com/HP-Business-Display-i3-1125G4-Processor/dp/B0C6NC4KRT/ref=sr_1_3?dib=eyJ2IjoiMSJ9.hNlIHfL1We1PWfiBMiURt3GeXg4zVjjZblJYBmmmliKBNVGjgHLfpYcRrA1WahvGsusZ3x5uxZps0gtWlzariUw2-MQO0tT62yFJD76v_WpmlXms8tUqrb7mggvLU4eqU87Z4YcPyDlfdz1NocLp-LCN4YSpypWFXl2sOAIqHd0unU7v9P2aGm94mZuXEwbQqMVWyPpzwDvgnAnXxBvQ9YyZrnmslCbPg9q_IkNBN5k.r-8ZIJYQoekbGzNSE7miMD4m3_64DJBT9PITNtRr7XU&dib_tag=se&keywords=hp+laptop&qid=1723200588&sr=8-3
"Notebook Laptop, 15.6"" HD Touchscreen, Intel Core i3-1115G4 Processor, 32GB RAM, 1TB PCIe SSD, Webcam, Type-C, HDMI, SD Card Reader, Wi-Fi, Windows 11 Home, Silver",4.1 out of 5 stars,,https://www.amazon.com/HP-Notebook-Touchscreen-i3-1115G4-Processor/dp/B0BZ8X9HGT/ref=sr_1_4?dib=eyJ2IjoiMSJ9.hNlIHfL1We1PWfiBMiURt3GeXg4zVjjZblJYBmmmliKBNVGjgHLfpYcRrA1WahvGsusZ3x5uxZps0gtWlzariUw2-MQO0tT62yFJD76v_WpmlXms8tUqrb7mggvLU4eqU87Z4YcPyDlfdz1NocLp-LCN4YSpypWFXl2sOAIqHd0unU7v9P2aGm94mZuXEwbQqMVWyPpzwDvgnAnXxBvQ9YyZrnmslCbPg9q_IkNBN5k.r-8ZIJYQoekbGzNSE7miMD4m3_64DJBT9PITNtRr7XU&dib_tag=se&keywords=hp+laptop&qid=1723200588&sr=8-4
"Newest 14"" Ultral Light Laptop for Students and Business, Intel Quad-Core N4120, 8GB RAM, 192GB Storage(64GB eMMC+128GB Micro SD), 1 Year Office 365, Webcam, HDMI, WiFi, USB-A&C, Win 11 S",4.1 out of 5 stars,,https://www.amazon.com/HP-Students-Business-Quad-Core-Storage/dp/B0B2D77YB8/ref=sr_1_5?dib=eyJ2IjoiMSJ9.hNlIHfL1We1PWfiBMiURt3GeXg4zVjjZblJYBmmmliKBNVGjgHLfpYcRrA1WahvGsusZ3x5uxZps0gtWlzariUw2-MQO0tT62yFJD76v_WpmlXms8tUqrb7mggvLU4eqU87Z4YcPyDlfdz1NocLp-LCN4YSpypWFXl2sOAIqHd0unU7v9P2aGm94mZuXEwbQqMVWyPpzwDvgnAnXxBvQ9YyZrnmslCbPg9q_IkNBN5k.r-8ZIJYQoekbGzNSE7miMD4m3_64DJBT9PITNtRr7XU&dib_tag=se&keywords=hp+laptop&qid=1723200588&sr=8-5
"15.6"" Portable Laptop (Include 1 Year Microsoft 365), HD Display, Intel Quad-Core N200 Processor, 16GB RAM, 128GB Storage, Wi-Fi 5, Webcam, HDMI, Numeric Keypad, Windows 11 Home, Red",4.2 out of 5 stars,,https://www.amazon.com/HP-Portable-Microsoft-Quad-Core-Processor/dp/B0CPGKT77T/ref=sr_1_6?dib=eyJ2IjoiMSJ9.hNlIHfL1We1PWfiBMiURt3GeXg4zVjjZblJYBmmmliKBNVGjgHLfpYcRrA1WahvGsusZ3x5uxZps0gtWlzariUw2-MQO0tT62yFJD76v_WpmlXms8tUqrb7mggvLU4eqU87Z4YcPyDlfdz1NocLp-LCN4YSpypWFXl2sOAIqHd0unU7v9P2aGm94mZuXEwbQqMVWyPpzwDvgnAnXxBvQ9YyZrnmslCbPg9q_IkNBN5k.r-8ZIJYQoekbGzNSE7miMD4m3_64DJBT9PITNtRr7XU&dib_tag=se&keywords=hp+laptop&qid=1723200588&sr=8-6
"14"" HD Laptop Light-Weight, 16GB RAM, 1TB SSD + 64GB eMMC, AMD 3000 Series Processor, WiFi, Bluetooth, USB A&C, HDMI, Webcam, Win10, Blue, 1 Year Microsoft Office 365 + GM Accessory",4.2 out of 5 stars,,https://www.amazon.com/sspa/click?ie=UTF8&spc=MTo1NTY5NzM4ODIxNTAxMDIwOjE3MjMyMDA1ODg6c3BfbXRmOjMwMDAyODM1MjA4NjgwMjo6MDo6&url=%2FHP-Light-Weight-Processor-Bluetooth-Microsoft%2Fdp%2FB0D7PZXT9V%2Fref%3Dsr_1_7_sspa%3Fdib%3DeyJ2IjoiMSJ9.hNlIHfL1We1PWfiBMiURt3GeXg4zVjjZblJYBmmmliKBNVGjgHLfpYcRrA1WahvGsusZ3x5uxZps0gtWlzariUw2-MQO0tT62yFJD76v_WpmlXms8tUqrb7mggvLU4eqU87Z4YcPyDlfdz1NocLp-LCN4YSpypWFXl2sOAIqHd0unU7v9P2aGm94mZuXEwbQqMVWyPpzwDvgnAnXxBvQ9YyZrnmslCbPg9q_IkNBN5k.r-8ZIJYQoekbGzNSE7miMD4m3_64DJBT9PITNtRr7XU%26dib_tag%3Dse%26keywords%3Dhp%2Blaptop%26qid%3D1723200588%26sr%3D8-7-spons%26sp_csd%3Dd2lkZ2V0TmFtZT1zcF9tdGY%26psc%3D1
"Portable Laptop, Student and Business, 14"" HD Display, Intel Quad-Core N4120, 8GB DDR4 RAM, 64GB eMMC, 1 Year Office 365, Webcam, RJ-45, HDMI, Wi-Fi, Windows 11 Home, Silver",4.1 out of 5 stars,,https://www.amazon.com/HP-Portable-Student-Business-Quad-Core/dp/B0CPL25J3W/ref=sr_1_8?dib=eyJ2IjoiMSJ9.hNlIHfL1We1PWfiBMiURt3GeXg4zVjjZblJYBmmmliKBNVGjgHLfpYcRrA1WahvGsusZ3x5uxZps0gtWlzariUw2-MQO0tT62yFJD76v_WpmlXms8tUqrb7mggvLU4eqU87Z4YcPyDlfdz1NocLp-LCN4YSpypWFXl2sOAIqHd0unU7v9P2aGm94mZuXEwbQqMVWyPpzwDvgnAnXxBvQ9YyZrnmslCbPg9q_IkNBN5k.r-8ZIJYQoekbGzNSE7miMD4m3_64DJBT9PITNtRr7XU&dib_tag=se&keywords=hp+laptop&qid=1723200588&sr=8-8
"14 inch Laptop, HD Display, 12th Generation Intel Core i3-1215U, 8 GB RAM, 256 GB SSD, Intel UHD Graphics, Windows 11 Home in S mode, 14-dq5009nr (2024)",4.2 out of 5 stars,,https://www.amazon.com/HP-Generation-i3-1215U-Graphics-14-dq5009nr/dp/B0CS3XPZNH/ref=sr_1_9?dib=eyJ2IjoiMSJ9.hNlIHfL1We1PWfiBMiURt3GeXg4zVjjZblJYBmmmliKBNVGjgHLfpYcRrA1WahvGsusZ3x5uxZps0gtWlzariUw2-MQO0tT62yFJD76v_WpmlXms8tUqrb7mggvLU4eqU87Z4YcPyDlfdz1NocLp-LCN4YSpypWFXl2sOAIqHd0unU7v9P2aGm94mZuXEwbQqMVWyPpzwDvgnAnXxBvQ9YyZrnmslCbPg9q_IkNBN5k.r-8ZIJYQoekbGzNSE7miMD4m3_64DJBT9PITNtRr7XU&dib_tag=se&keywords=hp+laptop&qid=1723200588&sr=8-9
"14 Laptop, Intel Celeron N4020, 4 GB RAM, 64 GB Storage, 14-inch Micro-edge HD Display, Windows 11 Home, Thin & Portable, 4K Graphics, One Year of Microsoft 365 (14-dq0040nr, Snowflake White)",3.9 out of 5 stars,,https://www.amazon.com/HP-Micro-edge-Microsoft-14-dq0040nr-Snowflake/dp/B0947BJ67M/ref=sr_1_10?dib=eyJ2IjoiMSJ9.hNlIHfL1We1PWfiBMiURt3GeXg4zVjjZblJYBmmmliKBNVGjgHLfpYcRrA1WahvGsusZ3x5uxZps0gtWlzariUw2-MQO0tT62yFJD76v_WpmlXms8tUqrb7mggvLU4eqU87Z4YcPyDlfdz1NocLp-LCN4YSpypWFXl2sOAIqHd0unU7v9P2aGm94mZuXEwbQqMVWyPpzwDvgnAnXxBvQ9YyZrnmslCbPg9q_IkNBN5k.r-8ZIJYQoekbGzNSE7miMD4m3_64DJBT9PITNtRr7XU&dib_tag=se&keywords=hp+laptop&qid=1723200588&sr=8-10
"Stream 14"" HD BrightView Laptop, Intel Celeron N4120, 16GB RAM, 288GB Storage (128GB eMMC + 160GB Docking Station Set), Intel UHD Graphics, 720p Webcam, Wi-Fi, 1 Year Office 365, Win 11 S, Silver",4.4 out of 5 stars,,https://www.amazon.com/HP-Stream-BrightView-N4120-Graphics/dp/B0CZKPF2QH/ref=sr_1_11?dib=eyJ2IjoiMSJ9.hNlIHfL1We1PWfiBMiURt3GeXg4zVjjZblJYBmmmliKBNVGjgHLfpYcRrA1WahvGsusZ3x5uxZps0gtWlzariUw2-MQO0tT62yFJD76v_WpmlXms8tUqrb7mggvLU4eqU87Z4YcPyDlfdz1NocLp-LCN4YSpypWFXl2sOAIqHd0unU7v9P2aGm94mZuXEwbQqMVWyPpzwDvgnAnXxBvQ9YyZrnmslCbPg9q_IkNBN5k.r-8ZIJYQoekbGzNSE7miMD4m3_64DJBT9PITNtRr7XU&dib_tag=se&keywords=hp+laptop&qid=1723200588&sr=8-11
"Elitebook 650 G10 15.6"" FHD Business Laptop Computer, 13th Gen Intel 10-Core i7-1355U, 64GB DDR4 RAM, 2TB PCIe SSD, WiFi 6E, BT 5.3, Backlit KB, Fingerprint Reader, Windows 11 Pro, AZ-XUT Cable",4.4 out of 5 stars,,https://www.amazon.com/sspa/click?ie=UTF8&spc=MTo1NTY5NzM4ODIxNTAxMDIwOjE3MjMyMDA1ODg6c3BfbXRmOjMwMDEyMzQxNTg4MTYwMjo6MDo6&url=%2FHP-Elitebook-650-G10-Fingerprint%2Fdp%2FB0CQYFNV86%2Fref%3Dsr_1_12_sspa%3Fdib%3DeyJ2IjoiMSJ9.hNlIHfL1We1PWfiBMiURt3GeXg4zVjjZblJYBmmmliKBNVGjgHLfpYcRrA1WahvGsusZ3x5uxZps0gtWlzariUw2-MQO0tT62yFJD76v_WpmlXms8tUqrb7mggvLU4eqU87Z4YcPyDlfdz1NocLp-LCN4YSpypWFXl2sOAIqHd0unU7v9P2aGm94mZuXEwbQqMVWyPpzwDvgnAnXxBvQ9YyZrnmslCbPg9q_IkNBN5k.r-8ZIJYQoekbGzNSE7miMD4m3_64DJBT9PITNtRr7XU%26dib_tag%3Dse%26keywords%3Dhp%2Blaptop%26qid%3D1723200588%26sr%3D8-12-spons%26sp_csd%3Dd2lkZ2V0TmFtZT1zcF9tdGY%26psc%3D1
"Stream 14"" HD BrightView Laptop, Intel Celeron N4120, 16GB RAM, 256GB Storage (128GB eMMC + 128GB USB Card), Intel UHD Graphics, HD Camera, Fast Charge, 1 Year Office 365, Win 11 S, Gold",4.3 out of 5 stars,,https://www.amazon.com/HP-Stream-BrightView-N4120-Graphics/dp/B0D3GWGB66/ref=sr_1_13?dib=eyJ2IjoiMSJ9.hNlIHfL1We1PWfiBMiURt3GeXg4zVjjZblJYBmmmliKBNVGjgHLfpYcRrA1WahvGsusZ3x5uxZps0gtWlzariUw2-MQO0tT62yFJD76v_WpmlXms8tUqrb7mggvLU4eqU87Z4YcPyDlfdz1NocLp-LCN4YSpypWFXl2sOAIqHd0unU7v9P2aGm94mZuXEwbQqMVWyPpzwDvgnAnXxBvQ9YyZrnmslCbPg9q_IkNBN5k.r-8ZIJYQoekbGzNSE7miMD4m3_64DJBT9PITNtRr7XU&dib_tag=se&keywords=hp+laptop&qid=1723200588&sr=8-13
"Newest Pavilion 15.6"" HD Touchscreen Anti-Glare Laptop, 16GB RAM, 1TB SSD Storage, Intel Core Processor up to 4.1GHz, Up to 11 Hours Long Battery Life, Type-C, HDMI, Windows 11 Home, Silver",4.2 out of 5 stars,,https://www.amazon.com/HP-Pavilion-Touchscreen-Anti-Glare-Processor/dp/B0C4G4L53W/ref=sr_1_14?dib=eyJ2IjoiMSJ9.hNlIHfL1We1PWfiBMiURt3GeXg4zVjjZblJYBmmmliKBNVGjgHLfpYcRrA1WahvGsusZ3x5uxZps0gtWlzariUw2-MQO0tT62yFJD76v_WpmlXms8tUqrb7mggvLU4eqU87Z4YcPyDlfdz1NocLp-LCN4YSpypWFXl2sOAIqHd0unU7v9P2aGm94mZuXEwbQqMVWyPpzwDvgnAnXxBvQ9YyZrnmslCbPg9q_IkNBN5k.r-8ZIJYQoekbGzNSE7miMD4m3_64DJBT9PITNtRr7XU&dib_tag=se&keywords=hp+laptop&qid=1723200588&sr=8-14
"Stream 14"" HD Lightweight Laptop, Intel Celeron N4120, 16GB RAM, 224GB Storage(64GB eMMC + 160GB Docking Station), Intel UHD Graphics, HD Webcam, 1 Year Office 365, WiFi, Bluetooth, Win 11s, Pink",4.3 out of 5 stars,,https://www.amazon.com/HP-Stream-Lightweight-Graphics-Bluetooth/dp/B0D3GS2XCZ/ref=sr_1_15?dib=eyJ2IjoiMSJ9.hNlIHfL1We1PWfiBMiURt3GeXg4zVjjZblJYBmmmliKBNVGjgHLfpYcRrA1WahvGsusZ3x5uxZps0gtWlzariUw2-MQO0tT62yFJD76v_WpmlXms8tUqrb7mggvLU4eqU87Z4YcPyDlfdz1NocLp-LCN4YSpypWFXl2sOAIqHd0unU7v9P2aGm94mZuXEwbQqMVWyPpzwDvgnAnXxBvQ9YyZrnmslCbPg9q_IkNBN5k.r-8ZIJYQoekbGzNSE7miMD4m3_64DJBT9PITNtRr7XU&dib_tag=se&keywords=hp+laptop&qid=1723200588&sr=8-15
"14"" HD Stream Laptop Computer for Students and Business, Quad-Core Intel Celeron N Processor, 8GB RAM, 256GB Storage(128GB eMMC+128GB TP SD Card), 1 Year Office 365, HDMI,WiFi,USB-A&C, Win 11",4.5 out of 5 stars,,https://www.amazon.com/HP-Computer-Students-Quad-Core-Processor/dp/B0D6B839XJ/ref=sr_1_16?dib=eyJ2IjoiMSJ9.hNlIHfL1We1PWfiBMiURt3GeXg4zVjjZblJYBmmmliKBNVGjgHLfpYcRrA1WahvGsusZ3x5uxZps0gtWlzariUw2-MQO0tT62yFJD76v_WpmlXms8tUqrb7mggvLU4eqU87Z4YcPyDlfdz1NocLp-LCN4YSpypWFXl2sOAIqHd0unU7v9P2aGm94mZuXEwbQqMVWyPpzwDvgnAnXxBvQ9YyZrnmslCbPg9q_IkNBN5k.r-8ZIJYQoekbGzNSE7miMD4m3_64DJBT9PITNtRr7XU&dib_tag=se&keywords=hp+laptop&qid=1723200588&sr=8-16
"Pavilion Business Laptop, 15.6"" FHD Touchscreen, Intel Core i7-1360P, 64GB RAM, 2TB SSD, Fingerprint Reader, Backlit Keyboard, Webcam, HDMI, Wi-Fi 6, Windows 11 Pro, Silver",4.0 out of 5 stars,,https://www.amazon.com/sspa/click?ie=UTF8&spc=MTo1NTY5NzM4ODIxNTAxMDIwOjE3MjMyMDA1ODg6c3BfbXRmOjMwMDI3NzUyMDI5ODIwMjo6MDo6&url=%2FHP-Pavilion-Business-Touchscreen-Fingerprint%2Fdp%2FB0D6GQB25S%2Fref%3Dsr_1_17_sspa%3Fdib%3DeyJ2IjoiMSJ9.hNlIHfL1We1PWfiBMiURt3GeXg4zVjjZblJYBmmmliKBNVGjgHLfpYcRrA1WahvGsusZ3x5uxZps0gtWlzariUw2-MQO0tT62yFJD76v_WpmlXms8tUqrb7mggvLU4eqU87Z4YcPyDlfdz1NocLp-LCN4YSpypWFXl2sOAIqHd0unU7v9P2aGm94mZuXEwbQqMVWyPpzwDvgnAnXxBvQ9YyZrnmslCbPg9q_IkNBN5k.r-8ZIJYQoekbGzNSE7miMD4m3_64DJBT9PITNtRr7XU%26dib_tag%3Dse%26keywords%3Dhp%2Blaptop%26qid%3D1723200588%26sr%3D8-17-spons%26sp_csd%3Dd2lkZ2V0TmFtZT1zcF9tdGY%26psc%3D1
"HP 14"" HD Laptop Newest Stream, Intel Celeron Quad-Core Processor, 4GB DDR4 RAM, 64GB eMMC, WiFi, Bluetooth, HDMI, Webcam, USB Type-A&C, Win 11 (Renewed)",3.9 out of 5 stars,,https://www.amazon.com/HP-Celeron-Quad-Core-Processor-Bluetooth/dp/B0CNPGFN7L/ref=sr_1_18?dib=eyJ2IjoiMSJ9.hNlIHfL1We1PWfiBMiURt3GeXg4zVjjZblJYBmmmliKBNVGjgHLfpYcRrA1WahvGsusZ3x5uxZps0gtWlzariUw2-MQO0tT62yFJD76v_WpmlXms8tUqrb7mggvLU4eqU87Z4YcPyDlfdz1NocLp-LCN4YSpypWFXl2sOAIqHd0unU7v9P2aGm94mZuXEwbQqMVWyPpzwDvgnAnXxBvQ9YyZrnmslCbPg9q_IkNBN5k.r-8ZIJYQoekbGzNSE7miMD4m3_64DJBT9PITNtRr7XU&dib_tag=se&keywords=hp+laptop&qid=1723200588&sr=8-18
"HP Newest 14"" HD Laptop, Windows 11, Intel Celeron Dual-Core Processor Up to 2.60GHz, 4GB RAM, 64GB SSD, Webcam, Dale Pink(Renewed) (Dale Pink)",4.2 out of 5 stars,,https://www.amazon.com/HP-14-Laptop-Dual-Core-Processor/dp/B09VRX9YVW/ref=sr_1_19?dib=eyJ2IjoiMSJ9.hNlIHfL1We1PWfiBMiURt3GeXg4zVjjZblJYBmmmliKBNVGjgHLfpYcRrA1WahvGsusZ3x5uxZps0gtWlzariUw2-MQO0tT62yFJD76v_WpmlXms8tUqrb7mggvLU4eqU87Z4YcPyDlfdz1NocLp-LCN4YSpypWFXl2sOAIqHd0unU7v9P2aGm94mZuXEwbQqMVWyPpzwDvgnAnXxBvQ9YyZrnmslCbPg9q_IkNBN5k.r-8ZIJYQoekbGzNSE7miMD4m3_64DJBT9PITNtRr7XU&dib_tag=se&keywords=hp+laptop&qid=1723200588&sr=8-19
"Newest HP 14"" HD Laptop, Windows 11, Intel Celeron Dual-Core Processor Up to 2.60GHz, 4GB RAM, 64GB SSD, Webcam, Dale Pink(Renewed) (Dale Blue)",4.0 out of 5 stars,,https://www.amazon.com/HP-14-Laptop-Dual-Core-Processor/dp/B09VZR2BGN/ref=sr_1_20?dib=eyJ2IjoiMSJ9.hNlIHfL1We1PWfiBMiURt3GeXg4zVjjZblJYBmmmliKBNVGjgHLfpYcRrA1WahvGsusZ3x5uxZps0gtWlzariUw2-MQO0tT62yFJD76v_WpmlXms8tUqrb7mggvLU4eqU87Z4YcPyDlfdz1NocLp-LCN4YSpypWFXl2sOAIqHd0unU7v9P2aGm94mZuXEwbQqMVWyPpzwDvgnAnXxBvQ9YyZrnmslCbPg9q_IkNBN5k.r-8ZIJYQoekbGzNSE7miMD4m3_64DJBT9PITNtRr7XU&dib_tag=se&keywords=hp+laptop&qid=1723200588&sr=8-20
"2023 Latest Laptop, 15.6” FHD Display, 13th Generation Intel Core i7-1355U processor, 16GB RAM, 512GB SSD, HDMI, Webcam, Wi-Fi 6, Windows 11 Home, Silver",5.0 out of 5 stars,,https://www.amazon.com/HP-Display-Generation-i7-1355U-Processor/dp/B0C2ZR7VBC/ref=sr_1_21?dib=eyJ2IjoiMSJ9.hNlIHfL1We1PWfiBMiURt3GeXg4zVjjZblJYBmmmliKBNVGjgHLfpYcRrA1WahvGsusZ3x5uxZps0gtWlzariUw2-MQO0tT62yFJD76v_WpmlXms8tUqrb7mggvLU4eqU87Z4YcPyDlfdz1NocLp-LCN4YSpypWFXl2sOAIqHd0unU7v9P2aGm94mZuXEwbQqMVWyPpzwDvgnAnXxBvQ9YyZrnmslCbPg9q_IkNBN5k.r-8ZIJYQoekbGzNSE7miMD4m3_64DJBT9PITNtRr7XU&dib_tag=se&keywords=hp+laptop&qid=1723200588&sr=8-21
"Laptop for Students and Business, 17.3"" FHD IPS Display, 12th Gen Intel Core i3-1215U (Up to 4.40 GHz), 32GB RAM, 1TB NVMe SSD, USB-C, Bluetooth, Webcam, Keypad, HDMI, SPS HDMI Cable, Win 11 Pro",,,https://www.amazon.com/sspa/click?ie=UTF8&spc=MTo1NTY5NzM4ODIxNTAxMDIwOjE3MjMyMDA1ODg6c3BfYnRmOjMwMDE2NDUyMzg0NTMwMjo6MDo6&url=%2FHP-Students-Business-i3-1215U-Bluetooth%2Fdp%2FB0D18LCLM9%2Fref%3Dsr_1_22_sspa%3Fdib%3DeyJ2IjoiMSJ9.hNlIHfL1We1PWfiBMiURt3GeXg4zVjjZblJYBmmmliKBNVGjgHLfpYcRrA1WahvGsusZ3x5uxZps0gtWlzariUw2-MQO0tT62yFJD76v_WpmlXms8tUqrb7mggvLU4eqU87Z4YcPyDlfdz1NocLp-LCN4YSpypWFXl2sOAIqHd0unU7v9P2aGm94mZuXEwbQqMVWyPpzwDvgnAnXxBvQ9YyZrnmslCbPg9q_IkNBN5k.r-8ZIJYQoekbGzNSE7miMD4m3_64DJBT9PITNtRr7XU%26dib_tag%3Dse%26keywords%3Dhp%2Blaptop%26qid%3D1723200588%26sr%3D8-22-spons%26sp_csd%3Dd2lkZ2V0TmFtZT1zcF9idGY%26psc%3D1
Slim 14 HD Laptop • Back to School Limited Edition with 1 Year Microsoft 365 • Intel Quad-Core Processor • 16GB RAM • 1TB Storage • Long Battery Life • w/WOWPC Bundle • Windows 11 Pro,1.0 out of 5 stars,,https://www.amazon.com/sspa/click?ie=UTF8&spc=MTo1OTA5MTEzMTU0MjYxNzE6MTcyMzIwMDYzNTpzcF9hdGZfbmV4dDozMDAyOTU5NjYwMDQ3MDI6OjA6Og&url=%2FHP-Slim-Microsoft-Quad-Core-Processor%2Fdp%2FB0D9GFTLDM%2Fref%3Dsr_1_17_sspa%3Fdib%3DeyJ2IjoiMSJ9.k5O2BZYP41nFQTnfIFYK0827Kgm-Fgp0-RovGzwEbmvr5ruu0zA-Ywphm53eNq7pxPvzBssOka1xbBKX_ofwZDKIMt7eqccNwiaGmXCDW-7522pcNbRUGaBmxMZ0AkWct0mjEqkOnYIXsc3XAg_JZAS6O487i5a1J1eb3EOK4IqXcLhHeatatQa0jqN-WsMYVY865gn4hKGJD8UdsbBPRl4dUyvyOLOErHlSjTv5eJw.jwvN0CS2_Mx7UpdDsmRjgl5mThl_Oa4JRxtSmxoaTYg%26dib_tag%3Dse%26keywords%3Dhp%2Blaptop%26qid%3D1723200635%26sr%3D8-17-spons%26sp_csd%3Dd2lkZ2V0TmFtZT1zcF9hdGZfbmV4dA%26psc%3D1
"14"" Laptop Stream for Student and Business, Intel Quad-Core N4120, 16GB RAM, 128GB eMMC Storage, 1-Year Office 365, Long Battery Life, HD Webcam, Wi-Fi, Win 11 H, Rose Gold",4.5 out of 5 stars,,https://www.amazon.com/sspa/click?ie=UTF8&spc=MTo1OTA5MTEzMTU0MjYxNzE6MTcyMzIwMDYzNTpzcF9hdGZfbmV4dDozMDAyOTY5ODg0NzgwMDI6OjA6Og&url=%2FHP-Student-Business-Quad-Core-Storage%2Fdp%2FB0D97YG9Y2%2Fref%3Dsr_1_18_sspa%3Fdib%3DeyJ2IjoiMSJ9.k5O2BZYP41nFQTnfIFYK0827Kgm-Fgp0-RovGzwEbmvr5ruu0zA-Ywphm53eNq7pxPvzBssOka1xbBKX_ofwZDKIMt7eqccNwiaGmXCDW-7522pcNbRUGaBmxMZ0AkWct0mjEqkOnYIXsc3XAg_JZAS6O487i5a1J1eb3EOK4IqXcLhHeatatQa0jqN-WsMYVY865gn4hKGJD8UdsbBPRl4dUyvyOLOErHlSjTv5eJw.jwvN0CS2_Mx7UpdDsmRjgl5mThl_Oa4JRxtSmxoaTYg%26dib_tag%3Dse%26keywords%3Dhp%2Blaptop%26qid%3D1723200635%26sr%3D8-18-spons%26sp_csd%3Dd2lkZ2V0TmFtZT1zcF9hdGZfbmV4dA%26psc%3D1
"Premium Stream 14"" HD BrightView Laptop, Intel Celeron N4120, 4GB RAM, 64GB eMMC, Intel UHD Graphics, 1 Year Office 365, 720p Camera, WiFi, HDMI, Win 11s, Pink, 32GB Hotface USB Card",3.8 out of 5 stars,,https://www.amazon.com/HP-Premium-Stream-BrightView-Graphics/dp/B0D3HMBV56/ref=sr_1_19?dib=eyJ2IjoiMSJ9.k5O2BZYP41nFQTnfIFYK0827Kgm-Fgp0-RovGzwEbmvr5ruu0zA-Ywphm53eNq7pxPvzBssOka1xbBKX_ofwZDKIMt7eqccNwiaGmXCDW-7522pcNbRUGaBmxMZ0AkWct0mjEqkOnYIXsc3XAg_JZAS6O487i5a1J1eb3EOK4IqXcLhHeatatQa0jqN-WsMYVY865gn4hKGJD8UdsbBPRl4dUyvyOLOErHlSjTv5eJw.jwvN0CS2_Mx7UpdDsmRjgl5mThl_Oa4JRxtSmxoaTYg&dib_tag=se&keywords=hp+laptop&qid=1723200635&sr=8-19
"Newest Pavilion 15.6"" HD Touchscreen Laptop with Microsoft Office Lifetime License, 32GB RAM, 1TB SSD Storage (512GB PCIe with 512GB P500 External SSD), Intel 6-Core i3 Processor, HDMI, Win 11",3.9 out of 5 stars,,https://www.amazon.com/HP-Pavilion-Touchscreen-Microsoft-Processor/dp/B0CWYBCZJM/ref=sr_1_20?dib=eyJ2IjoiMSJ9.k5O2BZYP41nFQTnfIFYK0827Kgm-Fgp0-RovGzwEbmvr5ruu0zA-Ywphm53eNq7pxPvzBssOka1xbBKX_ofwZDKIMt7eqccNwiaGmXCDW-7522pcNbRUGaBmxMZ0AkWct0mjEqkOnYIXsc3XAg_JZAS6O487i5a1J1eb3EOK4IqXcLhHeatatQa0jqN-WsMYVY865gn4hKGJD8UdsbBPRl4dUyvyOLOErHlSjTv5eJw.jwvN0CS2_Mx7UpdDsmRjgl5mThl_Oa4JRxtSmxoaTYg&dib_tag=se&keywords=hp+laptop&qid=1723200635&sr=8-20
"2022 Newest Stream 14"" HD Display, Intel Celeron N4120 Processor, 4GB Memory - 64GB eMMC,WiFi,Bluetooth, Type-C, 802.11AC, Win10 S - Snowflake White",4.4 out of 5 stars,,https://www.amazon.com/HP-14-Display-Celeron-Processor/dp/B0B15NZRQT/ref=sr_1_21?dib=eyJ2IjoiMSJ9.k5O2BZYP41nFQTnfIFYK0827Kgm-Fgp0-RovGzwEbmvr5ruu0zA-Ywphm53eNq7pxPvzBssOka1xbBKX_ofwZDKIMt7eqccNwiaGmXCDW-7522pcNbRUGaBmxMZ0AkWct0mjEqkOnYIXsc3XAg_JZAS6O487i5a1J1eb3EOK4IqXcLhHeatatQa0jqN-WsMYVY865gn4hKGJD8UdsbBPRl4dUyvyOLOErHlSjTv5eJw.jwvN0CS2_Mx7UpdDsmRjgl5mThl_Oa4JRxtSmxoaTYg&dib_tag=se&keywords=hp+laptop&qid=1723200635&sr=8-21
"17 Laptop, 17.3” HD+ Display, 11th Gen Intel Core i3-1125G4 Processor, 8GB RAM, 256GB SSD, Wi-Fi, HDMI, Webcam, Windows 11 Home, Silver",4.3 out of 5 stars,,https://www.amazon.com/HP-Display-i3-1125G4-Processor-Windows/dp/B0C3RPLW47/ref=sr_1_22?dib=eyJ2IjoiMSJ9.k5O2BZYP41nFQTnfIFYK0827Kgm-Fgp0-RovGzwEbmvr5ruu0zA-Ywphm53eNq7pxPvzBssOka1xbBKX_ofwZDKIMt7eqccNwiaGmXCDW-7522pcNbRUGaBmxMZ0AkWct0mjEqkOnYIXsc3XAg_JZAS6O487i5a1J1eb3EOK4IqXcLhHeatatQa0jqN-WsMYVY865gn4hKGJD8UdsbBPRl4dUyvyOLOErHlSjTv5eJw.jwvN0CS2_Mx7UpdDsmRjgl5mThl_Oa4JRxtSmxoaTYg&dib_tag=se&keywords=hp+laptop&qid=1723200635&sr=8-22
"Pavilion 15 Laptop, 12th Generation Intel Core i7-1255U Processor, 32 GB RAM, 1 TB SSD, 15.6"" Full HD Display, Fingerprint Reader, Wi-Fi & Bluetooth, HD Webcam,Backlit Keyboard,Windows 11 Pro",4.4 out of 5 stars,,https://www.amazon.com/HP-Generation-Processor-Fingerprint-Bluetooth/dp/B0CCPN5TQJ/ref=sr_1_23?dib=eyJ2IjoiMSJ9.k5O2BZYP41nFQTnfIFYK0827Kgm-Fgp0-RovGzwEbmvr5ruu0zA-Ywphm53eNq7pxPvzBssOka1xbBKX_ofwZDKIMt7eqccNwiaGmXCDW-7522pcNbRUGaBmxMZ0AkWct0mjEqkOnYIXsc3XAg_JZAS6O487i5a1J1eb3EOK4IqXcLhHeatatQa0jqN-WsMYVY865gn4hKGJD8UdsbBPRl4dUyvyOLOErHlSjTv5eJw.jwvN0CS2_Mx7UpdDsmRjgl5mThl_Oa4JRxtSmxoaTYg&dib_tag=se&keywords=hp+laptop&qid=1723200635&sr=8-23
"14"" Laptop Ultral Light for Students and Business, Quad-Core Intel Celeron Processor, 8GB RAM, 256GB Storage (128GB eMMC + 128GB Ghost Manta SD Card), HDMI, WiFi, USB-A&C, Win 11",4.2 out of 5 stars,,https://www.amazon.com/HP-Students-Business-Quad-Core-Processor/dp/B0CX4S4F7T/ref=sr_1_24?dib=eyJ2IjoiMSJ9.k5O2BZYP41nFQTnfIFYK0827Kgm-Fgp0-RovGzwEbmvr5ruu0zA-Ywphm53eNq7pxPvzBssOka1xbBKX_ofwZDKIMt7eqccNwiaGmXCDW-7522pcNbRUGaBmxMZ0AkWct0mjEqkOnYIXsc3XAg_JZAS6O487i5a1J1eb3EOK4IqXcLhHeatatQa0jqN-WsMYVY865gn4hKGJD8UdsbBPRl4dUyvyOLOErHlSjTv5eJw.jwvN0CS2_Mx7UpdDsmRjgl5mThl_Oa4JRxtSmxoaTYg&dib_tag=se&keywords=hp+laptop&qid=1723200635&sr=8-24
"14"" HD Laptop | Back to School Limited Edition with 1 Year Microsoft 365 | Intel Quad-Core Processor | 8GB RAM | 576GB Storage | Long Battery Life | Rose Gold | w/WOWPC Bundle | Windows 11",4.1 out of 5 stars,,https://www.amazon.com/HP-Limited-Microsoft-Quad-Core-Processor/dp/B0D4RCM8GV/ref=sr_1_25?dib=eyJ2IjoiMSJ9.k5O2BZYP41nFQTnfIFYK0827Kgm-Fgp0-RovGzwEbmvr5ruu0zA-Ywphm53eNq7pxPvzBssOka1xbBKX_ofwZDKIMt7eqccNwiaGmXCDW-7522pcNbRUGaBmxMZ0AkWct0mjEqkOnYIXsc3XAg_JZAS6O487i5a1J1eb3EOK4IqXcLhHeatatQa0jqN-WsMYVY865gn4hKGJD8UdsbBPRl4dUyvyOLOErHlSjTv5eJw.jwvN0CS2_Mx7UpdDsmRjgl5mThl_Oa4JRxtSmxoaTYg&dib_tag=se&keywords=hp+laptop&qid=1723200635&sr=8-25
"Laptop for Business & Students, 15.6"" HD Anti-Glare Display, Intel 4-Cores N200, 16GB RAM, 128GB UFS, Wi-Fi 6, Webcam, HDMI, USB-C, PDG HDMI Cable, Windows 11 Home in S Mode, Scarlet Red",4.5 out of 5 stars,,https://www.amazon.com/HP-Business-Students-Anti-Glare-Display/dp/B0CP2WCB42/ref=sr_1_26?dib=eyJ2IjoiMSJ9.k5O2BZYP41nFQTnfIFYK0827Kgm-Fgp0-RovGzwEbmvr5ruu0zA-Ywphm53eNq7pxPvzBssOka1xbBKX_ofwZDKIMt7eqccNwiaGmXCDW-7522pcNbRUGaBmxMZ0AkWct0mjEqkOnYIXsc3XAg_JZAS6O487i5a1J1eb3EOK4IqXcLhHeatatQa0jqN-WsMYVY865gn4hKGJD8UdsbBPRl4dUyvyOLOErHlSjTv5eJw.jwvN0CS2_Mx7UpdDsmRjgl5mThl_Oa4JRxtSmxoaTYg&dib_tag=se&keywords=hp+laptop&qid=1723200635&sr=8-26
"14"" HD Laptop | Back to School Limited Edition with 1 Year Microsoft 365 | Intel Quad-Core Processor | 8GB RAM | 640GB Storage | Long Battery Life | Rose Gold | w/WOWPC Bundle | Windows 11",4.1 out of 5 stars,,https://www.amazon.com/sspa/click?ie=UTF8&spc=MTo1OTA5MTEzMTU0MjYxNzE6MTcyMzIwMDYzNTpzcF9tdGY6MzAwMjM1MTQ3NDM5NTAyOjowOjo&url=%2FHP-Limited-Microsoft-Quad-Core-Processor%2Fdp%2FB0D4RBFW8H%2Fref%3Dsr_1_27_sspa%3Fdib%3DeyJ2IjoiMSJ9.k5O2BZYP41nFQTnfIFYK0827Kgm-Fgp0-RovGzwEbmvr5ruu0zA-Ywphm53eNq7pxPvzBssOka1xbBKX_ofwZDKIMt7eqccNwiaGmXCDW-7522pcNbRUGaBmxMZ0AkWct0mjEqkOnYIXsc3XAg_JZAS6O487i5a1J1eb3EOK4IqXcLhHeatatQa0jqN-WsMYVY865gn4hKGJD8UdsbBPRl4dUyvyOLOErHlSjTv5eJw.jwvN0CS2_Mx7UpdDsmRjgl5mThl_Oa4JRxtSmxoaTYg%26dib_tag%3Dse%26keywords%3Dhp%2Blaptop%26qid%3D1723200635%26sr%3D8-27-spons%26sp_csd%3Dd2lkZ2V0TmFtZT1zcF9tdGY%26psc%3D1
"Go Slim 15.6"" Laptop, 16GB RAM, 1.5TB Storage(512GB External SSD and 1TB Cloud Storage), Intel Quad-core Processor, Fast Wi-Fi 6, Upto 12 Hours Battery, Win 11 with Free 12-Month Microsoft Suite",5.0 out of 5 stars,,https://www.amazon.com/sspa/click?ie=UTF8&spc=MTo1OTA5MTEzMTU0MjYxNzE6MTcyMzIwMDYzNTpzcF9tdGY6MzAwMzI3OTYyODg3NzAyOjowOjo&url=%2FHP-External-Quad-core-Processor-Microsoft%2Fdp%2FB0D954LGXQ%2Fref%3Dsr_1_28_sspa%3Fdib%3DeyJ2IjoiMSJ9.k5O2BZYP41nFQTnfIFYK0827Kgm-Fgp0-RovGzwEbmvr5ruu0zA-Ywphm53eNq7pxPvzBssOka1xbBKX_ofwZDKIMt7eqccNwiaGmXCDW-7522pcNbRUGaBmxMZ0AkWct0mjEqkOnYIXsc3XAg_JZAS6O487i5a1J1eb3EOK4IqXcLhHeatatQa0jqN-WsMYVY865gn4hKGJD8UdsbBPRl4dUyvyOLOErHlSjTv5eJw.jwvN0CS2_Mx7UpdDsmRjgl5mThl_Oa4JRxtSmxoaTYg%26dib_tag%3Dse%26keywords%3Dhp%2Blaptop%26qid%3D1723200635%26sr%3D8-28-spons%26sp_csd%3Dd2lkZ2V0TmFtZT1zcF9tdGY%26psc%3D1
"2024 Latest Pavilion Business Laptop, 15.6"" FHD Touchscreen, 13th Gen Intel Core i7-1355U, 32GB RAM, 1TB PCIe SSD, Webcam, FP Reader, Backlit KB, Wi-Fi 6, Windows 11 Pro, Silver",4.2 out of 5 stars,,https://www.amazon.com/HP-Pavilion-Business-Touchscreen-i7-1355U/dp/B0C91Q3YBL/ref=sr_1_29?dib=eyJ2IjoiMSJ9.k5O2BZYP41nFQTnfIFYK0827Kgm-Fgp0-RovGzwEbmvr5ruu0zA-Ywphm53eNq7pxPvzBssOka1xbBKX_ofwZDKIMt7eqccNwiaGmXCDW-7522pcNbRUGaBmxMZ0AkWct0mjEqkOnYIXsc3XAg_JZAS6O487i5a1J1eb3EOK4IqXcLhHeatatQa0jqN-WsMYVY865gn4hKGJD8UdsbBPRl4dUyvyOLOErHlSjTv5eJw.jwvN0CS2_Mx7UpdDsmRjgl5mThl_Oa4JRxtSmxoaTYg&dib_tag=se&keywords=hp+laptop&qid=1723200635&sr=8-29
"17.3"" FHD Business Laptop 2024, 32GB RAM, 1TB SSD, 12th Gen Intel Core i3-1215U (6-Core, Beat i5-1135G7), Wi-Fi, Long Battery Life, Webcam, Numpad, Windows 11 Pro, KyyWee Accessories",4.6 out of 5 stars,,https://www.amazon.com/HP-Business-i3-1215U-i5-1135G7-Accessories/dp/B0D6B6SG4M/ref=sr_1_30?dib=eyJ2IjoiMSJ9.k5O2BZYP41nFQTnfIFYK0827Kgm-Fgp0-RovGzwEbmvr5ruu0zA-Ywphm53eNq7pxPvzBssOka1xbBKX_ofwZDKIMt7eqccNwiaGmXCDW-7522pcNbRUGaBmxMZ0AkWct0mjEqkOnYIXsc3XAg_JZAS6O487i5a1J1eb3EOK4IqXcLhHeatatQa0jqN-WsMYVY865gn4hKGJD8UdsbBPRl4dUyvyOLOErHlSjTv5eJw.jwvN0CS2_Mx7UpdDsmRjgl5mThl_Oa4JRxtSmxoaTYg&dib_tag=se&keywords=hp+laptop&qid=1723200635&sr=8-30
"15 Laptop, AMD Ryzen 3-5300U Processor, 8 GB RAM, 256 GB SSD Storage, 15.6-inch HD Micro-Edge Display, Windows 11 Home, Long-Lasting Battery, Fast Charge, 720p Webcam (15-ef2024nr), Natural silver",4.3 out of 5 stars,,https://www.amazon.com/HP-Processor-Micro-Edge-Long-Lasting-15-ef2024nr/dp/B09J1PS4TG/ref=sr_1_31?dib=eyJ2IjoiMSJ9.k5O2BZYP41nFQTnfIFYK0827Kgm-Fgp0-RovGzwEbmvr5ruu0zA-Ywphm53eNq7pxPvzBssOka1xbBKX_ofwZDKIMt7eqccNwiaGmXCDW-7522pcNbRUGaBmxMZ0AkWct0mjEqkOnYIXsc3XAg_JZAS6O487i5a1J1eb3EOK4IqXcLhHeatatQa0jqN-WsMYVY865gn4hKGJD8UdsbBPRl4dUyvyOLOErHlSjTv5eJw.jwvN0CS2_Mx7UpdDsmRjgl5mThl_Oa4JRxtSmxoaTYg&dib_tag=se&keywords=hp+laptop&qid=1723200635&sr=8-31
"17 Laptop, 17.3"" HD+ Touchscreen Display, 12th Gen Intel Core i7-1255U, 64GB RAM, 2TB SSD, Webcam, HDMI, SuperSpeed USB Ports, Wi-Fi 6, Windows 11 Home, Silver",4.3 out of 5 stars,,https://www.amazon.com/HP-Touchscreen-Display-i7-1255U-SuperSpeed/dp/B0CKTZVB17/ref=sr_1_32?dib=eyJ2IjoiMSJ9.k5O2BZYP41nFQTnfIFYK0827Kgm-Fgp0-RovGzwEbmvr5ruu0zA-Ywphm53eNq7pxPvzBssOka1xbBKX_ofwZDKIMt7eqccNwiaGmXCDW-7522pcNbRUGaBmxMZ0AkWct0mjEqkOnYIXsc3XAg_JZAS6O487i5a1J1eb3EOK4IqXcLhHeatatQa0jqN-WsMYVY865gn4hKGJD8UdsbBPRl4dUyvyOLOErHlSjTv5eJw.jwvN0CS2_Mx7UpdDsmRjgl5mThl_Oa4JRxtSmxoaTYg&dib_tag=se&keywords=hp+laptop&qid=1723200635&sr=8-32
Slim 14 HD Laptop • Back to School Limited Edition with 1 Year Microsoft 365 • Intel Quad-Core Processor • 16GB RAM • 1TB Storage • Long Battery Life • w/WOWPC Bundle • Windows 11 Pro,1.0 out of 5 stars,,https://www.amazon.com/HP-Slim-Microsoft-Quad-Core-Processor/dp/B0D9GFTLDM/ref=sr_1_33?dib=eyJ2IjoiMSJ9.k5O2BZYP41nFQTnfIFYK0827Kgm-Fgp0-RovGzwEbmvr5ruu0zA-Ywphm53eNq7pxPvzBssOka1xbBKX_ofwZDKIMt7eqccNwiaGmXCDW-7522pcNbRUGaBmxMZ0AkWct0mjEqkOnYIXsc3XAg_JZAS6O487i5a1J1eb3EOK4IqXcLhHeatatQa0jqN-WsMYVY865gn4hKGJD8UdsbBPRl4dUyvyOLOErHlSjTv5eJw.jwvN0CS2_Mx7UpdDsmRjgl5mThl_Oa4JRxtSmxoaTYg&dib_tag=se&keywords=hp+laptop&qid=1723200635&sr=8-33
"15.6"" Diagonal Full HD (1920 x 1080) Laptop, 11th Gen Intel Core i5-1135G7 Processor, 8GB DDR4 RAM, 256GB SSD, 802.11ac, Bluetooth, HDMI, Windows 11",4.3 out of 5 stars,,https://www.amazon.com/HP-Diagonal-i5-1135G7-Processor-Bluetooth/dp/B09LM6SZKG/ref=sr_1_34?dib=eyJ2IjoiMSJ9.k5O2BZYP41nFQTnfIFYK0827Kgm-Fgp0-RovGzwEbmvr5ruu0zA-Ywphm53eNq7pxPvzBssOka1xbBKX_ofwZDKIMt7eqccNwiaGmXCDW-7522pcNbRUGaBmxMZ0AkWct0mjEqkOnYIXsc3XAg_JZAS6O487i5a1J1eb3EOK4IqXcLhHeatatQa0jqN-WsMYVY865gn4hKGJD8UdsbBPRl4dUyvyOLOErHlSjTv5eJw.jwvN0CS2_Mx7UpdDsmRjgl5mThl_Oa4JRxtSmxoaTYg&dib_tag=se&keywords=hp+laptop&qid=1723200635&sr=8-34
"14 Business Laptop | 14"" FHD IPS Anti-glare | Intel 10-Core i7-1355U Processor | 32GB DDR4 1TB SSD | Backlit USB-C Fast Charging Win11Pro Silver + HDMI Cable",2.2 out of 5 stars,,https://www.amazon.com/HP-Business-Anti-glare-i7-1355U-Processor/dp/B0D62XTZB2/ref=sr_1_35?dib=eyJ2IjoiMSJ9.k5O2BZYP41nFQTnfIFYK0827Kgm-Fgp0-RovGzwEbmvr5ruu0zA-Ywphm53eNq7pxPvzBssOka1xbBKX_ofwZDKIMt7eqccNwiaGmXCDW-7522pcNbRUGaBmxMZ0AkWct0mjEqkOnYIXsc3XAg_JZAS6O487i5a1J1eb3EOK4IqXcLhHeatatQa0jqN-WsMYVY865gn4hKGJD8UdsbBPRl4dUyvyOLOErHlSjTv5eJw.jwvN0CS2_Mx7UpdDsmRjgl5mThl_Oa4JRxtSmxoaTYg&dib_tag=se&keywords=hp+laptop&qid=1723200635&sr=8-35
"15.6 inch Laptop, FHD Display, 12th Gen Intel Core i5, 16 GB RAM, 512 GB SSD, Intel Iris Xe Graphics, Windows 11 Home, 15-dy5399nr (2023),Silver",4.3 out of 5 stars,,https://www.amazon.com/HP-12th-Gen-i5-15-dy5399nr/dp/B0BVGHGBPH/ref=sr_1_36?dib=eyJ2IjoiMSJ9.k5O2BZYP41nFQTnfIFYK0827Kgm-Fgp0-RovGzwEbmvr5ruu0zA-Ywphm53eNq7pxPvzBssOka1xbBKX_ofwZDKIMt7eqccNwiaGmXCDW-7522pcNbRUGaBmxMZ0AkWct0mjEqkOnYIXsc3XAg_JZAS6O487i5a1J1eb3EOK4IqXcLhHeatatQa0jqN-WsMYVY865gn4hKGJD8UdsbBPRl4dUyvyOLOErHlSjTv5eJw.jwvN0CS2_Mx7UpdDsmRjgl5mThl_Oa4JRxtSmxoaTYg&dib_tag=se&keywords=hp+laptop&qid=1723200635&sr=8-36
"Pavilion Business Laptop, 15.6"" FHD Touchscreen, Intel Core i7-1360P, 64GB RAM, 4TB SSD, Fingerprint Reader, Backlit Keyboard, Webcam, HDMI, Wi-Fi 6, Windows 11 Pro, Silver",4.0 out of 5 stars,,https://www.amazon.com/sspa/click?ie=UTF8&spc=MTo1OTA5MTEzMTU0MjYxNzE6MTcyMzIwMDYzNTpzcF9idGY6MzAwMjc3NTIwMjk3OTAyOjowOjo&url=%2FHP-Pavilion-Business-Touchscreen-Fingerprint%2Fdp%2FB0D1ZH83S7%2Fref%3Dsr_1_37_sspa%3Fdib%3DeyJ2IjoiMSJ9.k5O2BZYP41nFQTnfIFYK0827Kgm-Fgp0-RovGzwEbmvr5ruu0zA-Ywphm53eNq7pxPvzBssOka1xbBKX_ofwZDKIMt7eqccNwiaGmXCDW-7522pcNbRUGaBmxMZ0AkWct0mjEqkOnYIXsc3XAg_JZAS6O487i5a1J1eb3EOK4IqXcLhHeatatQa0jqN-WsMYVY865gn4hKGJD8UdsbBPRl4dUyvyOLOErHlSjTv5eJw.jwvN0CS2_Mx7UpdDsmRjgl5mThl_Oa4JRxtSmxoaTYg%26dib_tag%3Dse%26keywords%3Dhp%2Blaptop%26qid%3D1723200635%26sr%3D8-37-spons%26sp_csd%3Dd2lkZ2V0TmFtZT1zcF9idGY%26psc%3D1
"Pavilion Laptop, 15.6"" FHD Touchscreen, Intel Core i7-1360P, 16GB RAM, 1TB SSD, Fingerprint Reader, Backlit Keyboard, Webcam, HDMI, Wi-Fi 6, Windows 11 Home, Silver",5.0 out of 5 stars,,https://www.amazon.com/sspa/click?ie=UTF8&spc=MTo1OTA5MTEzMTU0MjYxNzE6MTcyMzIwMDYzNTpzcF9idGY6MzAwMjc3NTIwMjk3NzAyOjowOjo&url=%2FHP-Pavilion-Touchscreen-i7-1360P-Fingerprint%2Fdp%2FB0D1ZVDVMC%2Fref%3Dsr_1_38_sspa%3Fdib%3DeyJ2IjoiMSJ9.k5O2BZYP41nFQTnfIFYK0827Kgm-Fgp0-RovGzwEbmvr5ruu0zA-Ywphm53eNq7pxPvzBssOka1xbBKX_ofwZDKIMt7eqccNwiaGmXCDW-7522pcNbRUGaBmxMZ0AkWct0mjEqkOnYIXsc3XAg_JZAS6O487i5a1J1eb3EOK4IqXcLhHeatatQa0jqN-WsMYVY865gn4hKGJD8UdsbBPRl4dUyvyOLOErHlSjTv5eJw.jwvN0CS2_Mx7UpdDsmRjgl5mThl_Oa4JRxtSmxoaTYg%26dib_tag%3Dse%26keywords%3Dhp%2Blaptop%26qid%3D1723200635%26sr%3D8-38-spons%26sp_csd%3Dd2lkZ2V0TmFtZT1zcF9idGY%26psc%3D1
